source_file,split
CSV/1.Deauth/Deauth_0.csv,train
CSV/1.Deauth/Deauth_1.csv,validation
CSV/1.Deauth/Deauth_10.csv,train
CSV/1.Deauth/Deauth_11.csv,train
CSV/1.Deauth/Deauth_12.csv,train
CSV/1.Deauth/Deauth_13.csv,train
CSV/1.Deauth/Deauth_14.csv,validation
CSV/1.Deauth/Deauth_15.csv,train
CSV/1.Deauth/Deauth_16.csv,train
CSV/1.Deauth/Deauth_17.csv,train
CSV/1.Deauth/Deauth_18.csv,test
CSV/1.Deauth/Deauth_19.csv,train
CSV/1.Deauth/Deauth_2.csv,train
CSV/1.Deauth/Deauth_20.csv,train
CSV/1.Deauth/Deauth_21.csv,test
CSV/1.Deauth/Deauth_22.csv,train
CSV/1.Deauth/Deauth_23.csv,test
CSV/1.Deauth/Deauth_24.csv,train
CSV/1.Deauth/Deauth_25.csv,train
CSV/1.Deauth/Deauth_26.csv,train
CSV/1.Deauth/Deauth_27.csv,validation
CSV/1.Deauth/Deauth_28.csv,validation
CSV/1.Deauth/Deauth_29.csv,train
CSV/1.Deauth/Deauth_3.csv,train
CSV/1.Deauth/Deauth_30.csv,train
CSV/1.Deauth/Deauth_31.csv,train
CSV/1.Deauth/Deauth_32.csv,train
CSV/1.Deauth/Deauth_4.csv,train
CSV/1.Deauth/Deauth_5.csv,train
CSV/1.Deauth/Deauth_6.csv,train
CSV/1.Deauth/Deauth_7.csv,train
CSV/1.Deauth/Deauth_8.csv,train
CSV/1.Deauth/Deauth_9.csv,train
CSV/10.SQL_Injection/SQL_Injection_0.csv,train
CSV/10.SQL_Injection/SQL_Injection_1.csv,train
CSV/10.SQL_Injection/SQL_Injection_10.csv,train
CSV/10.SQL_Injection/SQL_Injection_11.csv,train
CSV/10.SQL_Injection/SQL_Injection_12.csv,train
CSV/10.SQL_Injection/SQL_Injection_13.csv,train
CSV/10.SQL_Injection/SQL_Injection_14.csv,train
CSV/10.SQL_Injection/SQL_Injection_15.csv,train
CSV/10.SQL_Injection/SQL_Injection_16.csv,train
CSV/10.SQL_Injection/SQL_Injection_17.csv,train
CSV/10.SQL_Injection/SQL_Injection_18.csv,train
CSV/10.SQL_Injection/SQL_Injection_19.csv,train
CSV/10.SQL_Injection/SQL_Injection_2.csv,train
CSV/10.SQL_Injection/SQL_Injection_20.csv,train
CSV/10.SQL_Injection/SQL_Injection_21.csv,train
CSV/10.SQL_Injection/SQL_Injection_22.csv,validation
CSV/10.SQL_Injection/SQL_Injection_23.csv,train
CSV/10.SQL_Injection/SQL_Injection_24.csv,test
CSV/10.SQL_Injection/SQL_Injection_25.csv,train
CSV/10.SQL_Injection/SQL_Injection_26.csv,train
CSV/10.SQL_Injection/SQL_Injection_27.csv,test
CSV/10.SQL_Injection/SQL_Injection_28.csv,train
CSV/10.SQL_Injection/SQL_Injection_29.csv,test
CSV/10.SQL_Injection/SQL_Injection_3.csv,train
CSV/10.SQL_Injection/SQL_Injection_30.csv,train
CSV/10.SQL_Injection/SQL_Injection_31.csv,validation
CSV/10.SQL_Injection/SQL_Injection_32.csv,train
CSV/10.SQL_Injection/SQL_Injection_33.csv,validation
CSV/10.SQL_Injection/SQL_Injection_34.csv,train
CSV/10.SQL_Injection/SQL_Injection_35.csv,train
CSV/10.SQL_Injection/SQL_Injection_36.csv,train
CSV/10.SQL_Injection/SQL_Injection_37.csv,train
CSV/10.SQL_Injection/SQL_Injection_38.csv,train
CSV/10.SQL_Injection/SQL_Injection_39.csv,test
CSV/10.SQL_Injection/SQL_Injection_4.csv,train
CSV/10.SQL_Injection/SQL_Injection_40.csv,validation
CSV/10.SQL_Injection/SQL_Injection_41.csv,train
CSV/10.SQL_Injection/SQL_Injection_42.csv,train
CSV/10.SQL_Injection/SQL_Injection_43.csv,train
CSV/10.SQL_Injection/SQL_Injection_44.csv,train
CSV/10.SQL_Injection/SQL_Injection_45.csv,train
CSV/10.SQL_Injection/SQL_Injection_46.csv,train
CSV/10.SQL_Injection/SQL_Injection_47.csv,test
CSV/10.SQL_Injection/SQL_Injection_48.csv,train
CSV/10.SQL_Injection/SQL_Injection_49.csv,train
CSV/10.SQL_Injection/SQL_Injection_5.csv,train
CSV/10.SQL_Injection/SQL_Injection_50.csv,train
CSV/10.SQL_Injection/SQL_Injection_51.csv,validation
CSV/10.SQL_Injection/SQL_Injection_6.csv,train
CSV/10.SQL_Injection/SQL_Injection_7.csv,test
CSV/10.SQL_Injection/SQL_Injection_8.csv,train
CSV/10.SQL_Injection/SQL_Injection_9.csv,train
CSV/11.SSDP/SSDP_0.csv,train
CSV/11.SSDP/SSDP_1.csv,test
CSV/11.SSDP/SSDP_10.csv,validation
CSV/11.SSDP/SSDP_100.csv,train
CSV/11.SSDP/SSDP_101.csv,train
CSV/11.SSDP/SSDP_102.csv,train
CSV/11.SSDP/SSDP_103.csv,train
CSV/11.SSDP/SSDP_104.csv,train
CSV/11.SSDP/SSDP_105.csv,train
CSV/11.SSDP/SSDP_106.csv,train
CSV/11.SSDP/SSDP_107.csv,train
CSV/11.SSDP/SSDP_108.csv,train
CSV/11.SSDP/SSDP_109.csv,train
CSV/11.SSDP/SSDP_11.csv,validation
CSV/11.SSDP/SSDP_110.csv,train
CSV/11.SSDP/SSDP_111.csv,validation
CSV/11.SSDP/SSDP_112.csv,validation
CSV/11.SSDP/SSDP_113.csv,train
CSV/11.SSDP/SSDP_114.csv,train
CSV/11.SSDP/SSDP_115.csv,train
CSV/11.SSDP/SSDP_116.csv,test
CSV/11.SSDP/SSDP_117.csv,train
CSV/11.SSDP/SSDP_118.csv,train
CSV/11.SSDP/SSDP_119.csv,train
CSV/11.SSDP/SSDP_12.csv,train
CSV/11.SSDP/SSDP_120.csv,validation
CSV/11.SSDP/SSDP_121.csv,train
CSV/11.SSDP/SSDP_122.csv,validation
CSV/11.SSDP/SSDP_123.csv,validation
CSV/11.SSDP/SSDP_124.csv,train
CSV/11.SSDP/SSDP_125.csv,train
CSV/11.SSDP/SSDP_126.csv,train
CSV/11.SSDP/SSDP_127.csv,train
CSV/11.SSDP/SSDP_128.csv,train
CSV/11.SSDP/SSDP_129.csv,test
CSV/11.SSDP/SSDP_13.csv,train
CSV/11.SSDP/SSDP_130.csv,train
CSV/11.SSDP/SSDP_131.csv,train
CSV/11.SSDP/SSDP_132.csv,train
CSV/11.SSDP/SSDP_133.csv,train
CSV/11.SSDP/SSDP_134.csv,train
CSV/11.SSDP/SSDP_135.csv,test
CSV/11.SSDP/SSDP_136.csv,validation
CSV/11.SSDP/SSDP_137.csv,train
CSV/11.SSDP/SSDP_138.csv,train
CSV/11.SSDP/SSDP_139.csv,train
CSV/11.SSDP/SSDP_14.csv,train
CSV/11.SSDP/SSDP_140.csv,train
CSV/11.SSDP/SSDP_141.csv,train
CSV/11.SSDP/SSDP_142.csv,train
CSV/11.SSDP/SSDP_143.csv,train
CSV/11.SSDP/SSDP_144.csv,train
CSV/11.SSDP/SSDP_145.csv,train
CSV/11.SSDP/SSDP_146.csv,train
CSV/11.SSDP/SSDP_147.csv,train
CSV/11.SSDP/SSDP_148.csv,test
CSV/11.SSDP/SSDP_149.csv,train
CSV/11.SSDP/SSDP_15.csv,train
CSV/11.SSDP/SSDP_150.csv,train
CSV/11.SSDP/SSDP_151.csv,train
CSV/11.SSDP/SSDP_152.csv,train
CSV/11.SSDP/SSDP_153.csv,train
CSV/11.SSDP/SSDP_154.csv,test
CSV/11.SSDP/SSDP_155.csv,train
CSV/11.SSDP/SSDP_156.csv,train
CSV/11.SSDP/SSDP_157.csv,test
CSV/11.SSDP/SSDP_158.csv,validation
CSV/11.SSDP/SSDP_159.csv,train
CSV/11.SSDP/SSDP_16.csv,train
CSV/11.SSDP/SSDP_160.csv,train
CSV/11.SSDP/SSDP_161.csv,validation
CSV/11.SSDP/SSDP_162.csv,train
CSV/11.SSDP/SSDP_17.csv,validation
CSV/11.SSDP/SSDP_18.csv,train
CSV/11.SSDP/SSDP_19.csv,train
CSV/11.SSDP/SSDP_2.csv,train
CSV/11.SSDP/SSDP_20.csv,train
CSV/11.SSDP/SSDP_21.csv,train
CSV/11.SSDP/SSDP_22.csv,train
CSV/11.SSDP/SSDP_23.csv,validation
CSV/11.SSDP/SSDP_24.csv,train
CSV/11.SSDP/SSDP_25.csv,train
CSV/11.SSDP/SSDP_26.csv,train
CSV/11.SSDP/SSDP_27.csv,train
CSV/11.SSDP/SSDP_28.csv,train
CSV/11.SSDP/SSDP_29.csv,train
CSV/11.SSDP/SSDP_3.csv,train
CSV/11.SSDP/SSDP_30.csv,train
CSV/11.SSDP/SSDP_31.csv,train
CSV/11.SSDP/SSDP_32.csv,train
CSV/11.SSDP/SSDP_33.csv,train
CSV/11.SSDP/SSDP_34.csv,validation
CSV/11.SSDP/SSDP_35.csv,train
CSV/11.SSDP/SSDP_36.csv,validation
CSV/11.SSDP/SSDP_37.csv,train
CSV/11.SSDP/SSDP_38.csv,train
CSV/11.SSDP/SSDP_39.csv,train
CSV/11.SSDP/SSDP_4.csv,train
CSV/11.SSDP/SSDP_40.csv,train
CSV/11.SSDP/SSDP_41.csv,train
CSV/11.SSDP/SSDP_42.csv,train
CSV/11.SSDP/SSDP_43.csv,test
CSV/11.SSDP/SSDP_44.csv,train
CSV/11.SSDP/SSDP_45.csv,test
CSV/11.SSDP/SSDP_46.csv,train
CSV/11.SSDP/SSDP_47.csv,validation
CSV/11.SSDP/SSDP_48.csv,train
CSV/11.SSDP/SSDP_49.csv,train
CSV/11.SSDP/SSDP_5.csv,train
CSV/11.SSDP/SSDP_50.csv,test
CSV/11.SSDP/SSDP_51.csv,test
CSV/11.SSDP/SSDP_52.csv,train
CSV/11.SSDP/SSDP_53.csv,train
CSV/11.SSDP/SSDP_54.csv,train
CSV/11.SSDP/SSDP_55.csv,train
CSV/11.SSDP/SSDP_56.csv,train
CSV/11.SSDP/SSDP_57.csv,validation
CSV/11.SSDP/SSDP_58.csv,train
CSV/11.SSDP/SSDP_59.csv,train
CSV/11.SSDP/SSDP_6.csv,train
CSV/11.SSDP/SSDP_60.csv,test
CSV/11.SSDP/SSDP_61.csv,train
CSV/11.SSDP/SSDP_62.csv,validation
CSV/11.SSDP/SSDP_63.csv,train
CSV/11.SSDP/SSDP_64.csv,test
CSV/11.SSDP/SSDP_65.csv,train
CSV/11.SSDP/SSDP_66.csv,validation
CSV/11.SSDP/SSDP_67.csv,train
CSV/11.SSDP/SSDP_68.csv,validation
CSV/11.SSDP/SSDP_69.csv,train
CSV/11.SSDP/SSDP_7.csv,train
CSV/11.SSDP/SSDP_70.csv,test
CSV/11.SSDP/SSDP_71.csv,train
CSV/11.SSDP/SSDP_72.csv,train
CSV/11.SSDP/SSDP_73.csv,test
CSV/11.SSDP/SSDP_74.csv,test
CSV/11.SSDP/SSDP_75.csv,train
CSV/11.SSDP/SSDP_76.csv,test
CSV/11.SSDP/SSDP_77.csv,validation
CSV/11.SSDP/SSDP_78.csv,train
CSV/11.SSDP/SSDP_79.csv,test
CSV/11.SSDP/SSDP_8.csv,train
CSV/11.SSDP/SSDP_80.csv,train
CSV/11.SSDP/SSDP_81.csv,train
CSV/11.SSDP/SSDP_82.csv,validation
CSV/11.SSDP/SSDP_83.csv,train
CSV/11.SSDP/SSDP_84.csv,train
CSV/11.SSDP/SSDP_85.csv,validation
CSV/11.SSDP/SSDP_86.csv,train
CSV/11.SSDP/SSDP_87.csv,validation
CSV/11.SSDP/SSDP_88.csv,train
CSV/11.SSDP/SSDP_89.csv,test
CSV/11.SSDP/SSDP_9.csv,train
CSV/11.SSDP/SSDP_90.csv,train
CSV/11.SSDP/SSDP_91.csv,train
CSV/11.SSDP/SSDP_92.csv,train
CSV/11.SSDP/SSDP_93.csv,train
CSV/11.SSDP/SSDP_94.csv,train
CSV/11.SSDP/SSDP_95.csv,test
CSV/11.SSDP/SSDP_96.csv,train
CSV/11.SSDP/SSDP_97.csv,test
CSV/11.SSDP/SSDP_98.csv,test
CSV/11.SSDP/SSDP_99.csv,train
CSV/12.Evil_Twin/Evil_Twin_0.csv,train
CSV/12.Evil_Twin/Evil_Twin_1.csv,train
CSV/12.Evil_Twin/Evil_Twin_10.csv,train
CSV/12.Evil_Twin/Evil_Twin_11.csv,train
CSV/12.Evil_Twin/Evil_Twin_12.csv,validation
CSV/12.Evil_Twin/Evil_Twin_13.csv,test
CSV/12.Evil_Twin/Evil_Twin_14.csv,train
CSV/12.Evil_Twin/Evil_Twin_15.csv,train
CSV/12.Evil_Twin/Evil_Twin_16.csv,train
CSV/12.Evil_Twin/Evil_Twin_17.csv,train
CSV/12.Evil_Twin/Evil_Twin_18.csv,train
CSV/12.Evil_Twin/Evil_Twin_19.csv,train
CSV/12.Evil_Twin/Evil_Twin_2.csv,train
CSV/12.Evil_Twin/Evil_Twin_20.csv,validation
CSV/12.Evil_Twin/Evil_Twin_21.csv,train
CSV/12.Evil_Twin/Evil_Twin_22.csv,train
CSV/12.Evil_Twin/Evil_Twin_23.csv,train
CSV/12.Evil_Twin/Evil_Twin_24.csv,train
CSV/12.Evil_Twin/Evil_Twin_25.csv,train
CSV/12.Evil_Twin/Evil_Twin_26.csv,test
CSV/12.Evil_Twin/Evil_Twin_27.csv,test
CSV/12.Evil_Twin/Evil_Twin_28.csv,validation
CSV/12.Evil_Twin/Evil_Twin_29.csv,train
CSV/12.Evil_Twin/Evil_Twin_3.csv,test
CSV/12.Evil_Twin/Evil_Twin_30.csv,train
CSV/12.Evil_Twin/Evil_Twin_31.csv,train
CSV/12.Evil_Twin/Evil_Twin_32.csv,train
CSV/12.Evil_Twin/Evil_Twin_33.csv,train
CSV/12.Evil_Twin/Evil_Twin_34.csv,validation
CSV/12.Evil_Twin/Evil_Twin_35.csv,train
CSV/12.Evil_Twin/Evil_Twin_36.csv,validation
CSV/12.Evil_Twin/Evil_Twin_37.csv,train
CSV/12.Evil_Twin/Evil_Twin_38.csv,train
CSV/12.Evil_Twin/Evil_Twin_39.csv,train
CSV/12.Evil_Twin/Evil_Twin_4.csv,validation
CSV/12.Evil_Twin/Evil_Twin_40.csv,train
CSV/12.Evil_Twin/Evil_Twin_41.csv,train
CSV/12.Evil_Twin/Evil_Twin_42.csv,test
CSV/12.Evil_Twin/Evil_Twin_43.csv,validation
CSV/12.Evil_Twin/Evil_Twin_44.csv,train
CSV/12.Evil_Twin/Evil_Twin_45.csv,test
CSV/12.Evil_Twin/Evil_Twin_46.csv,train
CSV/12.Evil_Twin/Evil_Twin_47.csv,train
CSV/12.Evil_Twin/Evil_Twin_48.csv,validation
CSV/12.Evil_Twin/Evil_Twin_49.csv,train
CSV/12.Evil_Twin/Evil_Twin_5.csv,train
CSV/12.Evil_Twin/Evil_Twin_50.csv,train
CSV/12.Evil_Twin/Evil_Twin_51.csv,test
CSV/12.Evil_Twin/Evil_Twin_52.csv,test
CSV/12.Evil_Twin/Evil_Twin_53.csv,test
CSV/12.Evil_Twin/Evil_Twin_54.csv,train
CSV/12.Evil_Twin/Evil_Twin_55.csv,train
CSV/12.Evil_Twin/Evil_Twin_56.csv,validation
CSV/12.Evil_Twin/Evil_Twin_57.csv,train
CSV/12.Evil_Twin/Evil_Twin_58.csv,train
CSV/12.Evil_Twin/Evil_Twin_59.csv,train
CSV/12.Evil_Twin/Evil_Twin_6.csv,test
CSV/12.Evil_Twin/Evil_Twin_60.csv,train
CSV/12.Evil_Twin/Evil_Twin_61.csv,train
CSV/12.Evil_Twin/Evil_Twin_62.csv,train
CSV/12.Evil_Twin/Evil_Twin_63.csv,train
CSV/12.Evil_Twin/Evil_Twin_64.csv,train
CSV/12.Evil_Twin/Evil_Twin_65.csv,train
CSV/12.Evil_Twin/Evil_Twin_66.csv,train
CSV/12.Evil_Twin/Evil_Twin_67.csv,train
CSV/12.Evil_Twin/Evil_Twin_68.csv,validation
CSV/12.Evil_Twin/Evil_Twin_69.csv,test
CSV/12.Evil_Twin/Evil_Twin_7.csv,train
CSV/12.Evil_Twin/Evil_Twin_70.csv,train
CSV/12.Evil_Twin/Evil_Twin_71.csv,train
CSV/12.Evil_Twin/Evil_Twin_72.csv,test
CSV/12.Evil_Twin/Evil_Twin_73.csv,train
CSV/12.Evil_Twin/Evil_Twin_74.csv,train
CSV/12.Evil_Twin/Evil_Twin_75.csv,train
CSV/12.Evil_Twin/Evil_Twin_8.csv,train
CSV/12.Evil_Twin/Evil_Twin_9.csv,validation
CSV/13.Website_spoofing/Website_spoofing_0.csv,train
CSV/13.Website_spoofing/Website_spoofing_1.csv,train
CSV/13.Website_spoofing/Website_spoofing_10.csv,train
CSV/13.Website_spoofing/Website_spoofing_11.csv,train
CSV/13.Website_spoofing/Website_spoofing_12.csv,train
CSV/13.Website_spoofing/Website_spoofing_13.csv,train
CSV/13.Website_spoofing/Website_spoofing_14.csv,train
CSV/13.Website_spoofing/Website_spoofing_15.csv,train
CSV/13.Website_spoofing/Website_spoofing_16.csv,validation
CSV/13.Website_spoofing/Website_spoofing_17.csv,test
CSV/13.Website_spoofing/Website_spoofing_18.csv,train
CSV/13.Website_spoofing/Website_spoofing_19.csv,train
CSV/13.Website_spoofing/Website_spoofing_2.csv,train
CSV/13.Website_spoofing/Website_spoofing_20.csv,validation
CSV/13.Website_spoofing/Website_spoofing_21.csv,train
CSV/13.Website_spoofing/Website_spoofing_22.csv,train
CSV/13.Website_spoofing/Website_spoofing_23.csv,train
CSV/13.Website_spoofing/Website_spoofing_24.csv,validation
CSV/13.Website_spoofing/Website_spoofing_25.csv,train
CSV/13.Website_spoofing/Website_spoofing_26.csv,train
CSV/13.Website_spoofing/Website_spoofing_27.csv,test
CSV/13.Website_spoofing/Website_spoofing_28.csv,train
CSV/13.Website_spoofing/Website_spoofing_29.csv,train
CSV/13.Website_spoofing/Website_spoofing_3.csv,train
CSV/13.Website_spoofing/Website_spoofing_30.csv,train
CSV/13.Website_spoofing/Website_spoofing_31.csv,train
CSV/13.Website_spoofing/Website_spoofing_32.csv,validation
CSV/13.Website_spoofing/Website_spoofing_33.csv,test
CSV/13.Website_spoofing/Website_spoofing_34.csv,validation
CSV/13.Website_spoofing/Website_spoofing_35.csv,train
CSV/13.Website_spoofing/Website_spoofing_36.csv,train
CSV/13.Website_spoofing/Website_spoofing_37.csv,train
CSV/13.Website_spoofing/Website_spoofing_38.csv,train
CSV/13.Website_spoofing/Website_spoofing_39.csv,validation
CSV/13.Website_spoofing/Website_spoofing_4.csv,train
CSV/13.Website_spoofing/Website_spoofing_40.csv,train
CSV/13.Website_spoofing/Website_spoofing_41.csv,test
CSV/13.Website_spoofing/Website_spoofing_42.csv,validation
CSV/13.Website_spoofing/Website_spoofing_43.csv,train
CSV/13.Website_spoofing/Website_spoofing_44.csv,train
CSV/13.Website_spoofing/Website_spoofing_45.csv,train
CSV/13.Website_spoofing/Website_spoofing_46.csv,test
CSV/13.Website_spoofing/Website_spoofing_47.csv,train
CSV/13.Website_spoofing/Website_spoofing_48.csv,train
CSV/13.Website_spoofing/Website_spoofing_49.csv,train
CSV/13.Website_spoofing/Website_spoofing_5.csv,train
CSV/13.Website_spoofing/Website_spoofing_50.csv,train
CSV/13.Website_spoofing/Website_spoofing_51.csv,test
CSV/13.Website_spoofing/Website_spoofing_52.csv,test
CSV/13.Website_spoofing/Website_spoofing_53.csv,train
CSV/13.Website_spoofing/Website_spoofing_6.csv,train
CSV/13.Website_spoofing/Website_spoofing_7.csv,validation
CSV/13.Website_spoofing/Website_spoofing_8.csv,train
CSV/13.Website_spoofing/Website_spoofing_9.csv,test
CSV/2.Disas/Disas_0.csv,train
CSV/2.Disas/Disas_1.csv,train
CSV/2.Disas/Disas_10.csv,train
CSV/2.Disas/Disas_11.csv,train
CSV/2.Disas/Disas_12.csv,train
CSV/2.Disas/Disas_13.csv,test
CSV/2.Disas/Disas_14.csv,validation
CSV/2.Disas/Disas_15.csv,train
CSV/2.Disas/Disas_16.csv,train
CSV/2.Disas/Disas_17.csv,test
CSV/2.Disas/Disas_18.csv,train
CSV/2.Disas/Disas_19.csv,train
CSV/2.Disas/Disas_2.csv,train
CSV/2.Disas/Disas_20.csv,train
CSV/2.Disas/Disas_21.csv,validation
CSV/2.Disas/Disas_22.csv,train
CSV/2.Disas/Disas_23.csv,test
CSV/2.Disas/Disas_24.csv,validation
CSV/2.Disas/Disas_25.csv,train
CSV/2.Disas/Disas_26.csv,validation
CSV/2.Disas/Disas_27.csv,train
CSV/2.Disas/Disas_28.csv,train
CSV/2.Disas/Disas_29.csv,test
CSV/2.Disas/Disas_3.csv,test
CSV/2.Disas/Disas_30.csv,train
CSV/2.Disas/Disas_31.csv,test
CSV/2.Disas/Disas_32.csv,train
CSV/2.Disas/Disas_33.csv,validation
CSV/2.Disas/Disas_34.csv,train
CSV/2.Disas/Disas_35.csv,train
CSV/2.Disas/Disas_36.csv,train
CSV/2.Disas/Disas_37.csv,validation
CSV/2.Disas/Disas_38.csv,train
CSV/2.Disas/Disas_39.csv,train
CSV/2.Disas/Disas_4.csv,validation
CSV/2.Disas/Disas_40.csv,train
CSV/2.Disas/Disas_5.csv,validation
CSV/2.Disas/Disas_6.csv,train
CSV/2.Disas/Disas_7.csv,train
CSV/2.Disas/Disas_8.csv,train
CSV/2.Disas/Disas_9.csv,train
CSV/3.(Re)Assoc/(Re)Assoc_0.csv,train
CSV/3.(Re)Assoc/(Re)Assoc_1.csv,train
CSV/3.(Re)Assoc/(Re)Assoc_10.csv,validation
CSV/3.(Re)Assoc/(Re)Assoc_11.csv,train
CSV/3.(Re)Assoc/(Re)Assoc_12.csv,train
CSV/3.(Re)Assoc/(Re)Assoc_13.csv,validation
CSV/3.(Re)Assoc/(Re)Assoc_14.csv,train
CSV/3.(Re)Assoc/(Re)Assoc_15.csv,train
CSV/3.(Re)Assoc/(Re)Assoc_16.csv,train
CSV/3.(Re)Assoc/(Re)Assoc_17.csv,test
CSV/3.(Re)Assoc/(Re)Assoc_18.csv,train
CSV/3.(Re)Assoc/(Re)Assoc_19.csv,train
CSV/3.(Re)Assoc/(Re)Assoc_2.csv,test
CSV/3.(Re)Assoc/(Re)Assoc_20.csv,test
CSV/3.(Re)Assoc/(Re)Assoc_21.csv,train
CSV/3.(Re)Assoc/(Re)Assoc_22.csv,train
CSV/3.(Re)Assoc/(Re)Assoc_23.csv,train
CSV/3.(Re)Assoc/(Re)Assoc_24.csv,train
CSV/3.(Re)Assoc/(Re)Assoc_25.csv,test
CSV/3.(Re)Assoc/(Re)Assoc_26.csv,train
CSV/3.(Re)Assoc/(Re)Assoc_27.csv,train
CSV/3.(Re)Assoc/(Re)Assoc_28.csv,test
CSV/3.(Re)Assoc/(Re)Assoc_29.csv,train
CSV/3.(Re)Assoc/(Re)Assoc_3.csv,train
CSV/3.(Re)Assoc/(Re)Assoc_30.csv,train
CSV/3.(Re)Assoc/(Re)Assoc_31.csv,train
CSV/3.(Re)Assoc/(Re)Assoc_32.csv,validation
CSV/3.(Re)Assoc/(Re)Assoc_33.csv,train
CSV/3.(Re)Assoc/(Re)Assoc_34.csv,validation
CSV/3.(Re)Assoc/(Re)Assoc_35.csv,train
CSV/3.(Re)Assoc/(Re)Assoc_36.csv,train
CSV/3.(Re)Assoc/(Re)Assoc_4.csv,test
CSV/3.(Re)Assoc/(Re)Assoc_5.csv,validation
CSV/3.(Re)Assoc/(Re)Assoc_6.csv,train
CSV/3.(Re)Assoc/(Re)Assoc_7.csv,train
CSV/3.(Re)Assoc/(Re)Assoc_8.csv,train
CSV/3.(Re)Assoc/(Re)Assoc_9.csv,train
CSV/4.Rogue_AP/RogueAP_0.csv,train
CSV/4.Rogue_AP/RogueAP_1.csv,train
CSV/4.Rogue_AP/RogueAP_10.csv,test
CSV/4.Rogue_AP/RogueAP_11.csv,test
CSV/4.Rogue_AP/RogueAP_12.csv,test
CSV/4.Rogue_AP/RogueAP_13.csv,train
CSV/4.Rogue_AP/RogueAP_14.csv,train
CSV/4.Rogue_AP/RogueAP_15.csv,test
CSV/4.Rogue_AP/RogueAP_16.csv,validation
CSV/4.Rogue_AP/RogueAP_17.csv,train
CSV/4.Rogue_AP/RogueAP_18.csv,train
CSV/4.Rogue_AP/RogueAP_19.csv,test
CSV/4.Rogue_AP/RogueAP_2.csv,train
CSV/4.Rogue_AP/RogueAP_20.csv,train
CSV/4.Rogue_AP/RogueAP_21.csv,train
CSV/4.Rogue_AP/RogueAP_22.csv,test
CSV/4.Rogue_AP/RogueAP_23.csv,validation
CSV/4.Rogue_AP/RogueAP_24.csv,train
CSV/4.Rogue_AP/RogueAP_25.csv,train
CSV/4.Rogue_AP/RogueAP_26.csv,validation
CSV/4.Rogue_AP/RogueAP_27.csv,test
CSV/4.Rogue_AP/RogueAP_28.csv,train
CSV/4.Rogue_AP/RogueAP_29.csv,train
CSV/4.Rogue_AP/RogueAP_3.csv,train
CSV/4.Rogue_AP/RogueAP_30.csv,test
CSV/4.Rogue_AP/RogueAP_31.csv,train
CSV/4.Rogue_AP/RogueAP_32.csv,train
CSV/4.Rogue_AP/RogueAP_33.csv,train
CSV/4.Rogue_AP/RogueAP_34.csv,train
CSV/4.Rogue_AP/RogueAP_35.csv,validation
CSV/4.Rogue_AP/RogueAP_36.csv,train
CSV/4.Rogue_AP/RogueAP_37.csv,train
CSV/4.Rogue_AP/RogueAP_38.csv,train
CSV/4.Rogue_AP/RogueAP_39.csv,train
CSV/4.Rogue_AP/RogueAP_4.csv,train
CSV/4.Rogue_AP/RogueAP_5.csv,train
CSV/4.Rogue_AP/RogueAP_6.csv,train
CSV/4.Rogue_AP/RogueAP_7.csv,train
CSV/4.Rogue_AP/RogueAP_8.csv,validation
CSV/4.Rogue_AP/RogueAP_9.csv,train
CSV/5.Krack/Krack_0.csv,validation
CSV/5.Krack/Krack_1.csv,train
CSV/5.Krack/Krack_10.csv,train
CSV/5.Krack/Krack_11.csv,train
CSV/5.Krack/Krack_12.csv,test
CSV/5.Krack/Krack_13.csv,test
CSV/5.Krack/Krack_14.csv,train
CSV/5.Krack/Krack_15.csv,validation
CSV/5.Krack/Krack_16.csv,train
CSV/5.Krack/Krack_17.csv,train
CSV/5.Krack/Krack_18.csv,train
CSV/5.Krack/Krack_19.csv,train
CSV/5.Krack/Krack_2.csv,train
CSV/5.Krack/Krack_20.csv,train
CSV/5.Krack/Krack_21.csv,train
CSV/5.Krack/Krack_22.csv,validation
CSV/5.Krack/Krack_23.csv,train
CSV/5.Krack/Krack_24.csv,validation
CSV/5.Krack/Krack_25.csv,train
CSV/5.Krack/Krack_26.csv,validation
CSV/5.Krack/Krack_27.csv,train
CSV/5.Krack/Krack_28.csv,test
CSV/5.Krack/Krack_3.csv,test
CSV/5.Krack/Krack_4.csv,test
CSV/5.Krack/Krack_5.csv,train
CSV/5.Krack/Krack_6.csv,validation
CSV/5.Krack/Krack_7.csv,train
CSV/5.Krack/Krack_8.csv,validation
CSV/5.Krack/Krack_9.csv,train
CSV/6.Kr00k/Kr00k_0.csv,train
CSV/6.Kr00k/Kr00k_1.csv,train
CSV/6.Kr00k/Kr00k_10.csv,train
CSV/6.Kr00k/Kr00k_11.csv,train
CSV/6.Kr00k/Kr00k_12.csv,train
CSV/6.Kr00k/Kr00k_13.csv,train
CSV/6.Kr00k/Kr00k_14.csv,train
CSV/6.Kr00k/Kr00k_15.csv,train
CSV/6.Kr00k/Kr00k_16.csv,train
CSV/6.Kr00k/Kr00k_17.csv,train
CSV/6.Kr00k/Kr00k_18.csv,train
CSV/6.Kr00k/Kr00k_19.csv,train
CSV/6.Kr00k/Kr00k_2.csv,test
CSV/6.Kr00k/Kr00k_20.csv,validation
CSV/6.Kr00k/Kr00k_21.csv,train
CSV/6.Kr00k/Kr00k_22.csv,test
CSV/6.Kr00k/Kr00k_23.csv,train
CSV/6.Kr00k/Kr00k_24.csv,test
CSV/6.Kr00k/Kr00k_25.csv,train
CSV/6.Kr00k/Kr00k_26.csv,test
CSV/6.Kr00k/Kr00k_27.csv,test
CSV/6.Kr00k/Kr00k_28.csv,train
CSV/6.Kr00k/Kr00k_29.csv,train
CSV/6.Kr00k/Kr00k_3.csv,train
CSV/6.Kr00k/Kr00k_30.csv,train
CSV/6.Kr00k/Kr00k_31.csv,test
CSV/6.Kr00k/Kr00k_32.csv,train
CSV/6.Kr00k/Kr00k_33.csv,test
CSV/6.Kr00k/Kr00k_34.csv,train
CSV/6.Kr00k/Kr00k_35.csv,test
CSV/6.Kr00k/Kr00k_36.csv,train
CSV/6.Kr00k/Kr00k_37.csv,validation
CSV/6.Kr00k/Kr00k_38.csv,train
CSV/6.Kr00k/Kr00k_39.csv,train
CSV/6.Kr00k/Kr00k_4.csv,train
CSV/6.Kr00k/Kr00k_40.csv,train
CSV/6.Kr00k/Kr00k_41.csv,train
CSV/6.Kr00k/Kr00k_42.csv,train
CSV/6.Kr00k/Kr00k_43.csv,train
CSV/6.Kr00k/Kr00k_44.csv,validation
CSV/6.Kr00k/Kr00k_45.csv,validation
CSV/6.Kr00k/Kr00k_46.csv,train
CSV/6.Kr00k/Kr00k_47.csv,train
CSV/6.Kr00k/Kr00k_48.csv,train
CSV/6.Kr00k/Kr00k_49.csv,train
CSV/6.Kr00k/Kr00k_5.csv,train
CSV/6.Kr00k/Kr00k_50.csv,train
CSV/6.Kr00k/Kr00k_51.csv,train
CSV/6.Kr00k/Kr00k_52.csv,train
CSV/6.Kr00k/Kr00k_53.csv,train
CSV/6.Kr00k/Kr00k_54.csv,train
CSV/6.Kr00k/Kr00k_55.csv,validation
CSV/6.Kr00k/Kr00k_56.csv,train
CSV/6.Kr00k/Kr00k_57.csv,test
CSV/6.Kr00k/Kr00k_58.csv,train
CSV/6.Kr00k/Kr00k_6.csv,validation
CSV/6.Kr00k/Kr00k_7.csv,validation
CSV/6.Kr00k/Kr00k_8.csv,train
CSV/6.Kr00k/Kr00k_9.csv,train
CSV/7.SSH/SSH_0.csv,train
CSV/7.SSH/SSH_1.csv,train
CSV/7.SSH/SSH_10.csv,validation
CSV/7.SSH/SSH_11.csv,validation
CSV/7.SSH/SSH_12.csv,train
CSV/7.SSH/SSH_13.csv,train
CSV/7.SSH/SSH_14.csv,train
CSV/7.SSH/SSH_15.csv,train
CSV/7.SSH/SSH_16.csv,train
CSV/7.SSH/SSH_17.csv,train
CSV/7.SSH/SSH_18.csv,validation
CSV/7.SSH/SSH_19.csv,train
CSV/7.SSH/SSH_2.csv,train
CSV/7.SSH/SSH_20.csv,train
CSV/7.SSH/SSH_21.csv,train
CSV/7.SSH/SSH_22.csv,validation
CSV/7.SSH/SSH_23.csv,test
CSV/7.SSH/SSH_24.csv,test
CSV/7.SSH/SSH_25.csv,test
CSV/7.SSH/SSH_26.csv,train
CSV/7.SSH/SSH_27.csv,train
CSV/7.SSH/SSH_28.csv,train
CSV/7.SSH/SSH_29.csv,train
CSV/7.SSH/SSH_3.csv,train
CSV/7.SSH/SSH_30.csv,train
CSV/7.SSH/SSH_31.csv,train
CSV/7.SSH/SSH_32.csv,train
CSV/7.SSH/SSH_33.csv,train
CSV/7.SSH/SSH_34.csv,train
CSV/7.SSH/SSH_35.csv,validation
CSV/7.SSH/SSH_36.csv,train
CSV/7.SSH/SSH_37.csv,train
CSV/7.SSH/SSH_38.csv,train
CSV/7.SSH/SSH_39.csv,train
CSV/7.SSH/SSH_4.csv,test
CSV/7.SSH/SSH_40.csv,validation
CSV/7.SSH/SSH_41.csv,test
CSV/7.SSH/SSH_42.csv,train
CSV/7.SSH/SSH_43.csv,test
CSV/7.SSH/SSH_44.csv,validation
CSV/7.SSH/SSH_45.csv,validation
CSV/7.SSH/SSH_46.csv,train
CSV/7.SSH/SSH_47.csv,test
CSV/7.SSH/SSH_48.csv,train
CSV/7.SSH/SSH_5.csv,test
CSV/7.SSH/SSH_6.csv,train
CSV/7.SSH/SSH_7.csv,train
CSV/7.SSH/SSH_8.csv,train
CSV/7.SSH/SSH_9.csv,validation
CSV/8.Botnet/Botnet_0.csv,train
CSV/8.Botnet/Botnet_1.csv,train
CSV/8.Botnet/Botnet_10.csv,train
CSV/8.Botnet/Botnet_11.csv,train
CSV/8.Botnet/Botnet_12.csv,validation
CSV/8.Botnet/Botnet_13.csv,train
CSV/8.Botnet/Botnet_14.csv,train
CSV/8.Botnet/Botnet_15.csv,train
CSV/8.Botnet/Botnet_16.csv,test
CSV/8.Botnet/Botnet_17.csv,test
CSV/8.Botnet/Botnet_18.csv,train
CSV/8.Botnet/Botnet_19.csv,train
CSV/8.Botnet/Botnet_2.csv,train
CSV/8.Botnet/Botnet_20.csv,train
CSV/8.Botnet/Botnet_21.csv,train
CSV/8.Botnet/Botnet_22.csv,validation
CSV/8.Botnet/Botnet_23.csv,validation
CSV/8.Botnet/Botnet_24.csv,train
CSV/8.Botnet/Botnet_25.csv,train
CSV/8.Botnet/Botnet_26.csv,train
CSV/8.Botnet/Botnet_27.csv,train
CSV/8.Botnet/Botnet_28.csv,train
CSV/8.Botnet/Botnet_29.csv,train
CSV/8.Botnet/Botnet_3.csv,train
CSV/8.Botnet/Botnet_30.csv,train
CSV/8.Botnet/Botnet_31.csv,train
CSV/8.Botnet/Botnet_32.csv,train
CSV/8.Botnet/Botnet_33.csv,train
CSV/8.Botnet/Botnet_34.csv,validation
CSV/8.Botnet/Botnet_35.csv,train
CSV/8.Botnet/Botnet_36.csv,train
CSV/8.Botnet/Botnet_37.csv,train
CSV/8.Botnet/Botnet_38.csv,train
CSV/8.Botnet/Botnet_39.csv,train
CSV/8.Botnet/Botnet_4.csv,train
CSV/8.Botnet/Botnet_40.csv,train
CSV/8.Botnet/Botnet_41.csv,train
CSV/8.Botnet/Botnet_42.csv,train
CSV/8.Botnet/Botnet_43.csv,test
CSV/8.Botnet/Botnet_44.csv,validation
CSV/8.Botnet/Botnet_45.csv,train
CSV/8.Botnet/Botnet_46.csv,test
CSV/8.Botnet/Botnet_47.csv,train
CSV/8.Botnet/Botnet_48.csv,validation
CSV/8.Botnet/Botnet_49.csv,train
CSV/8.Botnet/Botnet_5.csv,test
CSV/8.Botnet/Botnet_50.csv,train
CSV/8.Botnet/Botnet_51.csv,train
CSV/8.Botnet/Botnet_52.csv,validation
CSV/8.Botnet/Botnet_53.csv,train
CSV/8.Botnet/Botnet_54.csv,train
CSV/8.Botnet/Botnet_55.csv,test
CSV/8.Botnet/Botnet_56.csv,train
CSV/8.Botnet/Botnet_57.csv,train
CSV/8.Botnet/Botnet_58.csv,train
CSV/8.Botnet/Botnet_59.csv,train
CSV/8.Botnet/Botnet_6.csv,validation
CSV/8.Botnet/Botnet_60.csv,test
CSV/8.Botnet/Botnet_61.csv,test
CSV/8.Botnet/Botnet_62.csv,test
CSV/8.Botnet/Botnet_63.csv,test
CSV/8.Botnet/Botnet_64.csv,train
CSV/8.Botnet/Botnet_7.csv,validation
CSV/8.Botnet/Botnet_8.csv,test
CSV/8.Botnet/Botnet_9.csv,validation
CSV/9.Malware/Malware_0.csv,train
CSV/9.Malware/Malware_1.csv,test
CSV/9.Malware/Malware_10.csv,train
CSV/9.Malware/Malware_11.csv,validation
CSV/9.Malware/Malware_12.csv,train
CSV/9.Malware/Malware_13.csv,test
CSV/9.Malware/Malware_14.csv,validation
CSV/9.Malware/Malware_15.csv,train
CSV/9.Malware/Malware_16.csv,validation
CSV/9.Malware/Malware_17.csv,test
CSV/9.Malware/Malware_18.csv,test
CSV/9.Malware/Malware_19.csv,train
CSV/9.Malware/Malware_2.csv,test
CSV/9.Malware/Malware_20.csv,train
CSV/9.Malware/Malware_21.csv,test
CSV/9.Malware/Malware_22.csv,train
CSV/9.Malware/Malware_23.csv,test
CSV/9.Malware/Malware_24.csv,train
CSV/9.Malware/Malware_25.csv,train
CSV/9.Malware/Malware_26.csv,validation
CSV/9.Malware/Malware_27.csv,train
CSV/9.Malware/Malware_28.csv,train
CSV/9.Malware/Malware_29.csv,train
CSV/9.Malware/Malware_3.csv,validation
CSV/9.Malware/Malware_30.csv,train
CSV/9.Malware/Malware_31.csv,train
CSV/9.Malware/Malware_32.csv,validation
CSV/9.Malware/Malware_33.csv,train
CSV/9.Malware/Malware_34.csv,test
CSV/9.Malware/Malware_35.csv,train
CSV/9.Malware/Malware_36.csv,test
CSV/9.Malware/Malware_37.csv,train
CSV/9.Malware/Malware_38.csv,train
CSV/9.Malware/Malware_39.csv,train
CSV/9.Malware/Malware_4.csv,train
CSV/9.Malware/Malware_40.csv,validation
CSV/9.Malware/Malware_41.csv,train
CSV/9.Malware/Malware_42.csv,train
CSV/9.Malware/Malware_43.csv,train
CSV/9.Malware/Malware_44.csv,train
CSV/9.Malware/Malware_45.csv,train
CSV/9.Malware/Malware_46.csv,train
CSV/9.Malware/Malware_5.csv,validation
CSV/9.Malware/Malware_6.csv,validation
CSV/9.Malware/Malware_7.csv,validation
CSV/9.Malware/Malware_8.csv,train
CSV/9.Malware/Malware_9.csv,train
