Class,Test_Windows,Detected,Missed,Metric,Rate_%,Mean_Attack_Prob
(Re)Assoc,30,30,0,Recall,100.0,0.9978
Botnet,69,66,3,Recall,95.65,0.9118
Deauth,21,21,0,Recall,100.0,0.9911
Disas,39,39,0,Recall,100.0,0.9994
Evil_Twin,70,69,1,Recall,98.57,0.9754
Kr00k,34,34,0,Recall,100.0,0.998
Krack,76,46,30,Recall,60.53,0.6039
Malware,24,12,12,Recall,50.0,0.4809
Normal,501,404,97,Specificity,80.64,0.2213
RogueAP,21,21,0,Recall,100.0,0.999
SQL_Injection,17,9,8,Recall,52.94,0.4765
SSDP,43,35,8,Recall,81.4,0.8193
SSH,27,16,11,Recall,59.26,0.559
Website_spoofing,47,42,5,Recall,89.36,0.8547
