feature,p01,p05,p95,p99,normal_below_p05_%,normal_above_p95_%,normal_below_p01_%,normal_above_p99_%
unique_bssid_count,1.0,1.0,13.0,27.0,0.019316206297083253,4.69383813019123,0.019316206297083253,0.9078616959629129
bssid_unique_count,1.0,1.0,17.0,38.0,0.019316206297083253,4.655205717597064,0.019316206297083253,0.9658103148541627
dominant_bssid_ratio,0.7435383098728122,0.9645187180081684,1.0,1.0,5.002897430944563,0.0,1.0044427274483292,0.0
bssid_switch_rate,0.0,0.0,0.0555555555555555,0.2,0.0,4.964265018350396,0.0,0.9851265211512459
ta_unique_count,1.0,2.0,26.0,50.23999999999978,4.384778829437899,4.674521923894147,0.0,1.0044427274483292
dominant_source_ratio,0.27565517241379306,0.34897638789410446,0.9592507637857041,1.0,5.002897430944563,5.002897430944563,1.0044427274483292,0.0
source_unique_count,1.0,2.0,29.0,53.0,3.3417036893954024,4.69383813019123,0.019316206297083253,0.9851265211512459
channel_unique_count,1.0,1.0,1.0,2.0,0.0,1.9702530423024918,0.0,0.0
channel_dominant_ratio,0.7043125120493542,1.0,1.0,1.0,1.9702530423024918,0.0,1.0044427274483292,0.0
channel_switch_rate,0.0,0.0,0.0,0.004196004378956869,0.0,1.9702530423024918,0.0,1.0044427274483292
management_frame_rate,1.0,7.0,18.0,33.0,4.790419161676647,4.326830210546649,0.5601699826154143,0.9658103148541627
beacon_rate,1.0,6.0,10.0,10.0,4.210932972764149,0.4056403322387483,0.5794861889124976,0.4056403322387483
probe_request_rate,0.0,0.0,2.0,15.0,0.0,3.843925053119567,0.0,0.9658103148541627
probe_response_rate,0.0,0.0,2.0,6.239999999999782,0.0,4.114351941278733,0.0,1.0044427274483292
authentication_rate,0.0,0.0,0.0,2.0,0.0,2.7622175004829055,0.0,0.2511106818620823
association_rate,0.0,0.0,0.0,1.0,0.0,2.5883716438091557,0.0,0.07726482518833301
deauth_rate,0.0,0.0,0.0,0.0,0.0,0.38632412594166504,0.0,0.38632412594166504
disassoc_rate,0.0,0.0,0.0,0.0,0.0,0.6953834266949971,0.0,0.6953834266949971
control_frame_rate,0.0,0.0,5059.599999999999,6129.959999999999,0.0,5.002897430944563,0.0,1.0044427274483292
rts_rate,0.0,0.0,2115.0,2462.0,0.0,4.983581224647479,0.0,0.9851265211512459
cts_rate,0.0,0.0,1566.3999999999996,1986.2399999999998,0.0,5.002897430944563,0.0,1.0044427274483292
ack_rate,0.0,0.0,150.19999999999982,286.0,0.0,5.002897430944563,0.0,0.9851265211512459
retry_rate,0.0,0.0,0.1934941148536345,0.3703703703703703,0.0,5.002897430944563,0.0,0.9851265211512459
protected_rate,0.0,0.0077167019027483815,0.589593530800597,0.765428679740674,5.002897430944563,5.002897430944563,0.0,1.0044427274483292
seq_duplicate_rate,0.0,0.0,0.29070867154013547,0.45334384691699003,0.0,5.002897430944563,0.0,1.0044427274483292
seq_zero_step_rate,0.0,0.0,0.25,0.44138272480207935,0.0,4.887000193162063,0.0,1.0044427274483292
signal_mean,-154.91933765882672,-147.8274597536711,0.0,0.0,5.002897430944563,0.0,1.0044427274483292,0.0
signal_std,0.0,0.0,48.78674510879563,52.75240858688129,0.0,5.002897430944563,0.0,1.0044427274483292
data_rate_mean,6.0,6.0,84.33185590861568,101.47643667625617,0.8499130770716632,5.002897430944563,0.8499130770716632,1.0044427274483292
data_rate_std,0.0,0.0,68.96667115532107,72.97860336629893,0.0,5.002897430944563,0.0,1.0044427274483292
packet_count,10.0,13.0,8786.799999999997,11270.119999999997,4.519992273517481,5.002897430944563,0.30905930075333204,1.0044427274483292
byte_count,3331.48,3720.0,5556533.399999999,7842468.879999996,4.983581224647479,5.002897430944563,1.0044427274483292,1.0044427274483292
packet_size_mean,89.16141025641025,104.11389525656851,789.8874925890174,1105.412376164443,5.002897430944563,5.002897430944563,1.0044427274483292,1.0044427274483292
packet_size_std,1.3748917312745987,64.51046426743493,741.7315728779429,900.6352959340868,5.002897430944563,5.002897430944563,1.0044427274483292,1.0044427274483292
iat_mean,8.574838344880757e-05,0.00010782504750938001,0.07876806153846153,0.10004469999999982,5.002897430944563,5.002897430944563,1.0044427274483292,1.0044427274483292
iat_std,0.000120196308750396,0.00020229666431944,0.04637427741140484,0.04967551346028668,5.002897430944563,5.002897430944563,1.0044427274483292,1.0044427274483292
data_frame_rate,0.0,1.0,4250.2,6081.719999999999,2.0282016611937412,5.002897430944563,0.0,1.0044427274483292
flow_iat_mean,2.4873124552338265e-05,8.535245755722607e-05,0.06958994666666653,0.09309186181818176,5.002897430944563,5.002897430944563,1.0044427274483292,1.0044427274483292
flow_iat_std,8.980833135538884e-05,0.00013693981410328,0.04448598935691815,0.04917555879113622,5.002897430944563,5.002897430944563,1.0044427274483292,1.0044427274483292
dns_request_count,0.0,0.0,28.199999999999818,48.23999999999978,0.0,5.002897430944563,0.0,1.0044427274483292
dns_response_count,0.0,0.0,19.0,33.0,0.0,4.674521923894147,0.0,0.9078616959629129
dns_latency_mean,0.0,0.0,0.1188863999999999,0.4828882377142839,0.0,5.002897430944563,0.0,1.0044427274483292
dns_latency_std,0.0,0.0,0.04021111188575456,0.18354587213155601,0.0,5.002897430944563,0.0,1.0044427274483292
syn_rate,0.0,0.0,0.015470242036301499,0.02912957722322256,0.0,5.002897430944563,0.0,1.0044427274483292
rst_rate,0.0,0.0,0.005195074806006737,0.026701138842995947,0.0,5.002897430944563,0.0,1.0044427274483292
retransmission_rate,0.0,0.0,0.03339655939604644,0.07677774686143445,0.0,5.002897430944563,0.0,1.0044427274483292
udp_packet_rate,0.0,0.0,240.0,483.2399999999998,0.0,4.983581224647479,0.0,1.0044427274483292
unique_udp_destination_ports,0.0,0.0,23.0,36.0,0.0,4.384778829437899,0.0,0.9271779022599961
tcp_ack_rate,0.0,0.0,0.5376818714475227,0.7026698326468963,0.0,5.002897430944563,0.0,1.0044427274483292
tcp_source_port_entropy,0.0,0.0,3.6438174358224473,4.737619661565698,0.0,5.002897430944563,0.0,1.0044427274483292
tcp_destination_port_entropy,0.0,0.0,4.189633350951641,5.0062058995376955,0.0,5.002897430944563,0.0,1.0044427274483292
udp_unique_source_ports,0.0,0.0,32.0,20909.839999999997,0.0,4.944948812053313,0.0,1.0044427274483292
v9_ta_diversity_per_packet,0.0002062073558252254,0.0004474280974920178,0.7499999375000053,1.7857141581632745,5.002897430944563,4.964265018350396,1.0044427274483292,0.9851265211512459
v9_ttl_range,0.0,0.0,247.0,254.0,0.0,3.959822290902067,0.0,0.0
v9_ta_entropy_per_packet,-0.0,5.775686300712251e-05,0.09999431878009846,0.15267920895662393,5.002897430944563,5.002897430944563,0.0,1.0044427274483292
v9_channel_diversity_per_packet,8.873022136918554e-05,0.00011380712041638876,0.07692307100591762,0.09999999000000101,5.002897430944563,4.906316399459146,1.0044427274483292,0.6567510141008306
v9_ta_channel_diversity,1.0,2.0,28.0,54.0,4.384778829437899,4.887000193162063,0.0,0.9658103148541627
v9_channel_diversity_x_ttl_diversity,0.0,0.0,37.0,46.0,0.0,4.69383813019123,0.0,0.9851265211512459
v9_channel_diversity_x_tcp_ack,0.0,0.0,0.5614937597356611,0.8038057839785641,0.0,5.002897430944563,0.0,1.0044427274483292
v9_tcp_control_activity,0.0,0.0,0.5570332579281267,0.716061639362152,0.0,5.002897430944563,0.0,1.0044427274483292
v9_ta_channel_diversity_ratio,0.9999990000010001,1.9999980000020001,24.999975000025003,50.239949760050024,4.384778829437899,4.944948812053313,0.0,1.0044427274483292
v9_protocol_diversity_per_packet,0.0,0.0,0.13333332444444504,0.19999998000000202,0.0,4.5586246861116475,0.0,0.4442727448329148
v9_ta_channel_entropy,-0.0,0.35188040726536707,1.9768923658828004,2.150956366391851,5.002897430944563,5.002897430944563,0.0,1.0044427274483292
v9_ta_diversity_x_ttl_diversity,0.0,0.0,656.0,1305.359999999997,0.0,4.983581224647479,0.0,1.0044427274483292
v9_ttl_diversity_per_packet,0.0,0.0,1.0468899085964156,2.3636361487603503,0.0,5.002897430944563,0.0,0.9851265211512459
v9_channel_instability,0.0,0.0,0.0,0.29568748795064564,0.0,1.9702530423024918,0.0,1.0044427274483292
v9_ta_channel_instability,0.0,0.0,0.0,0.04520873914095492,0.0,1.9702530423024918,0.0,1.0044427274483292
unique_source_count,1.0,2.0,26.0,39.23999999999978,4.925632605756229,4.655205717597064,0.019316206297083253,1.0044427274483292
unique_destination_count,1.0,2.0,28.0,41.0,3.2064902453158197,4.7517867490824806,0.019316206297083253,0.9658103148541627
destination_unique_count,1.0,2.0,30.199999999999818,55.23999999999978,2.2793123430558238,5.002897430944563,0.019316206297083253,1.0044427274483292
dominant_destination_ratio,0.21677278122230134,0.2753855928579283,0.9589198650890708,1.0,5.002897430944563,5.002897430944563,1.0044427274483292,0.0
