,normal_mean,normal_std,normal_median,p05,p25,p75,p95,normal_std_safe
unique_bssid_count,3.237589337454124,5.737087596930058,1.0,1.0,1.0,3.0,13.0,5.737087596930058
bssid_unique_count,4.147382654046745,7.561552507290319,2.0,1.0,1.0,4.0,17.0,7.561552507290319
dominant_bssid_ratio,0.9898671403383184,0.04424028058323855,0.9997289972899728,0.9645187180081684,0.9968694096601072,1.0,1.0,0.04424028058323855
bssid_switch_rate,0.011920268962986074,0.04384560185068947,0.0005331911490269,0.0,0.0,0.0058479532163742,0.0555555555555555,0.04384560185068947
ta_unique_count,10.451033417036895,9.914840610409879,9.0,2.0,4.0,13.0,26.0,9.914840610409879
dominant_source_ratio,0.6359192067763569,0.18666250308563057,0.6261335531739489,0.34897638789410446,0.4881925522252497,0.7734072022160665,0.9592507637857041,0.18666250308563057
source_unique_count,12.486768398686499,11.011808187513981,11.0,2.0,5.0,16.0,29.0,11.011808187513981
channel_unique_count,1.019702530423025,0.1389894680781201,1.0,1.0,1.0,1.0,1.0,0.1389894680781201
channel_dominant_ratio,0.9946390445820357,0.04259313982727585,1.0,1.0,1.0,1.0,1.0,0.04259313982727585
channel_switch_rate,0.00012183069591628845,0.0012911355838101887,0.0,0.0,0.0,0.0,0.0,0.0012911355838101887
management_frame_rate,11.885841220784238,24.209214703046207,10.0,7.0,9.0,10.0,18.0,24.209214703046207
beacon_rate,9.317558431524049,1.6576093762982866,10.0,6.0,9.0,10.0,10.0,1.6576093762982866
probe_request_rate,0.42785396948039406,2.341304056835343,0.0,0.0,0.0,0.0,2.0,2.341304056835343
probe_response_rate,0.34711222715858603,1.7525229841152212,0.0,0.0,0.0,0.0,2.0,1.7525229841152212
authentication_rate,0.06606142553602473,0.5665534430215904,0.0,0.0,0.0,0.0,0.0,0.5665534430215904
association_rate,0.02684952675294572,0.16867741485548382,0.0,0.0,0.0,0.0,0.0,0.16867741485548382
deauth_rate,0.6132895499323933,11.511114561098195,0.0,0.0,0.0,0.0,0.0,11.511114561098195
disassoc_rate,0.017964071856287425,0.3112177996221627,0.0,0.0,0.0,0.0,0.0,0.3112177996221627
control_frame_rate,1704.7129611744253,1842.4847205373317,911.0,0.0,31.0,3214.0,5059.599999999999,1842.4847205373317
rts_rate,676.4454317172108,742.977086776551,364.0,0.0,11.0,1249.0,2115.0,742.977086776551
cts_rate,496.1002511106819,562.3888475048639,248.0,0.0,4.0,907.0,1566.3999999999996,562.3888475048639
ack_rate,35.9304616573305,78.87867663166729,13.0,0.0,3.0,36.0,150.19999999999982,78.87867663166729
retry_rate,0.0417813593153213,0.07499099789317538,0.0148679145094915,0.0,0.0,0.0441393563625627,0.1934941148536345,0.07499099789317538
protected_rate,0.26423159343040736,0.1879210097921311,0.26,0.0077167019027483815,0.0909090909090909,0.394388993795522,0.589593530800597,0.1879210097921311
seq_duplicate_rate,0.08031089738718737,0.09950298582999183,0.0492950400084459,0.0,0.0041333175233691,0.1112753340774289,0.29070867154013547,0.09950298582999183
seq_zero_step_rate,0.05847111380572814,0.09070370579931845,0.0231175803654795,0.0,0.0,0.0771680216802167,0.25,0.09070370579931845
signal_mean,-91.0266085053569,62.31285623334635,-127.50136239782016,-147.8274597536711,-137.6431064572426,0.0,0.0,62.31285623334635
signal_std,25.795860168929785,19.73045238502706,34.98207334720809,0.0,0.0,42.22735756326643,48.78674510879563,19.73045238502706
data_rate_mean,42.30022224639698,25.979433315628008,42.574895354082095,6.0,19.566971962616822,61.57795211970075,84.33185590861568,25.979433315628008
data_rate_std,36.43973128911343,23.00643517844099,40.14321877052419,0.0,10.68993034515897,56.68561747644446,68.96667115532107,23.00643517844099
packet_count,2902.2196252655976,3218.622634919092,1509.0,13.0,57.0,5444.0,8786.799999999997,3218.622634919092
byte_count,1460735.97566158,2047042.3621231152,410913.0,3720.0,8286.0,2442318.0,5556533.399999999,2047042.3621231152
packet_size_mean,344.3025209245111,229.43318932392182,283.2857142857143,104.11389525656851,160.70454545454547,476.1889329592725,789.8874925890174,229.43318932392182
packet_size_std,383.4805488485547,267.5507381549764,388.5469743869291,64.51046426743493,117.70891659913312,646.167471538254,741.7315728779429,267.5507381549764
iat_mean,0.014030123143317962,0.02455333612137793,0.0004928794466403,0.00010782504750938001,0.0001714279348757,0.0172078,0.07876806153846153,0.02455333612137793
iat_std,0.013730810063869761,0.017671718369594212,0.0020060910377216,0.00020229666431944,0.0005220240955006,0.0282366118567988,0.04637427741140484,0.017671718369594212
data_frame_rate,1185.6208228703883,1602.3622392830239,410.0,1.0,11.0,2029.0,4250.2,1602.3622392830239
flow_iat_mean,0.010284355011704296,0.021852394562115636,0.0002938759917719,8.535245755722607e-05,0.0001522629415347,0.0068328611111111,0.06958994666666653,0.021852394562115636
flow_iat_std,0.010324053822536292,0.016182578604588303,0.0011963786218689,0.00013693981410328,0.0004353661514531,0.0171473495602952,0.04448598935691815,0.016182578604588303
dns_request_count,6.721846629322001,10.826289800281803,2.0,0.0,0.0,9.0,28.199999999999818,10.826289800281803
dns_response_count,3.984740197025304,7.831639778617159,0.0,0.0,0.0,5.0,19.0,7.831639778617159
dns_latency_mean,0.06605218134979501,1.018915719922486,0.0,0.0,0.0,0.0140559722222222,0.1188863999999999,1.018915719922486
dns_latency_std,0.06116456924212249,0.9049196646378761,0.0,0.0,0.0,0.0031416754288118,0.04021111188575456,0.9049196646378761
syn_rate,0.003940144750808371,0.006340057175421978,0.0012947078815342,0.0,0.0,0.005620287868403,0.015470242036301499,0.006340057175421978
rst_rate,0.001316184367726791,0.006199895514129901,0.0,0.0,0.0,0.0005272407732864,0.005195074806006737,0.006199895514129901
retransmission_rate,0.005506438411513816,0.016396383100246565,0.0,0.0,0.0,0.0,0.03339655939604644,0.016396383100246565
udp_packet_rate,58.645161290322584,457.60008600269936,10.0,0.0,0.0,54.0,240.0,457.60008600269936
unique_udp_destination_ports,6.621209194514197,8.18717226216682,4.0,0.0,0.0,10.0,23.0,8.18717226216682
tcp_ack_rate,0.21256995209981172,0.18974693009577215,0.2025819265143992,0.0,0.0175438596491228,0.3523255813953488,0.5376818714475227,0.18974693009577215
tcp_source_port_entropy,1.5517429022160893,1.253947932920322,1.5781658215236645,0.0,0.0,2.4329051678605444,3.6438174358224473,1.253947932920322
tcp_destination_port_entropy,1.8779413649296648,1.457533506747622,1.988438151547213,0.0,0.0,3.028551689116523,4.189633350951641,1.457533506747622
udp_unique_source_ports,531.4674521923894,2947.05357699799,5.0,0.0,1.0,11.0,32.0,2947.05357699799
v9_ta_diversity_per_packet,0.14383422171331578,0.40461521710254394,0.00592183181763844,0.0004474280974920178,0.0016778523487767357,0.10526315235457093,0.7499999375000053,0.40461521710254394
v9_ttl_range,151.6503766660228,99.37992177868105,196.0,0.0,56.0,244.0,247.0,99.37992177868105
v9_ta_entropy_per_packet,0.01804125592040729,0.03423767940746472,0.000708662829464413,5.775686300712251e-05,0.00023985147562613886,0.019900103178365096,0.09999431878009846,0.03423767940746472
v9_channel_diversity_per_packet,0.01481776277809972,0.026527059400840526,0.0006626905230863548,0.00011380712041638876,0.00018368846433069644,0.017699114887618453,0.07692307100591762,0.026527059400840526
v9_ta_channel_diversity,10.7542978559011,10.473188950802324,9.0,2.0,4.0,13.0,28.0,10.473188950802324
v9_channel_diversity_x_ttl_diversity,13.942824029360633,12.276212184916682,13.0,0.0,2.0,22.0,37.0,12.276212184916682
v9_channel_diversity_x_tcp_ack,0.21854976992468403,0.20295611868418992,0.2040816326530612,0.0,0.0178571428571428,0.3548148148148148,0.5614937597356611,0.20295611868418992
v9_tcp_control_activity,0.22313097559719156,0.19546042884168802,0.21645021645021628,0.0,0.0200803212851405,0.36752136752136744,0.5570332579281267,0.19546042884168802
v9_ta_channel_diversity_ratio,10.29939097402989,9.848705024261509,8.999991000009,1.9999980000020001,3.9999960000040002,12.999987000013,24.999975000025003,9.848705024261509
v9_protocol_diversity_per_packet,0.021412242458191257,0.04449101757720717,0.0005500550053492698,0.0,0.0002477700693449244,0.016393442354205864,0.13333332444444504,0.04449101757720717
v9_ta_channel_entropy,1.321156083937553,0.48710343595378075,1.4031225053323488,0.35188040726536707,1.0636369262939294,1.6610405588856094,1.9768923658828004,0.48710343595378075
v9_ta_diversity_x_ttl_diversity,201.1748116669886,285.520904962634,130.0,0.0,6.0,280.0,656.0,285.520904962634
v9_ttl_diversity_per_packet,0.17113915088137663,0.453716417535963,0.004966887408995219,0.0,0.00119260584305748,0.07734806587100516,1.0468899085964156,0.453716417535963
v9_channel_instability,0.005360955417964398,0.04259313982727585,0.0,0.0,0.0,0.0,0.0,0.04259313982727585
v9_ta_channel_instability,0.0009828682786188585,0.008204240294277286,0.0,0.0,0.0,0.0,0.0,0.008204240294277286
unique_source_count,10.468418002704269,9.463599489119556,9.0,2.0,3.0,15.0,26.0,9.463599489119556
unique_destination_count,12.359860923314661,9.630585646154605,12.0,2.0,4.0,18.0,28.0,9.630585646154605
destination_unique_count,14.305196059493916,10.949298198188052,14.0,2.0,6.0,19.0,30.199999999999818,10.949298198188052
dominant_destination_ratio,0.5490429837048029,0.2057485313130403,0.5034129692832765,0.2753855928579283,0.3939393939393939,0.6791808873720137,0.9589198650890708,0.2057485313130403
